pricelayer.prices.effective.amount,pricelayer.provider.name,tariff.names.default,tariff.network.name,tariff.internet.pricePerUnit.price.amount,tariff.internet.traffic.value,tariff.internet.speed.value,tariff.ageCheck,tariff.voice.highestPrice.amount,tariff.voice.flatrate,tariff.sms.highestPrice.amount,tariff.sms.flatrate,tariff.contract.periods.contract.value,tariff.contract.periods.contract.unit
-104,Lidl Connect,Classic,Vodafone,1,0,25000,0,9,False,9,False,0,day
-104,Netzclub,Sponsored Surf Basic 2.0,Telefónica,0,200,21600,0,9,False,9,False,0,day
-104,novamobil,9 Cent Tarif,Telefónica,24,0,21600,0,9,False,9,False,0,day
-104,Ay Yildiz,aystar,Telefónica,29,0,21600,0,9,False,9,False,0,day
-104,Rossmann mobil,FAMILY & FRIENDS,Vodafone,24,0,7200,0,11,False,11,False,0,day
-104,NettoKOM,Basic,Telefónica,24,0,25000,0,9,False,9,False,0,day
-104,WhatsApp SIM,Basis Tarif,Telefónica,1,0,21600,0,9,False,9,False,28,day
-94,FYVE,Basistarif,Vodafone,1,0,21600,0,9,False,9,False,0,day
-93,ALDI TALK,Basistarif,Telefónica,24,0,21600,0,11,False,11,False,0,day
-63,Ortel Mobile,Standard-Tarif,Telefónica,49,0,21600,0,9,False,15,False,0,day
-42,congstar,Prepaid wie ich will,Telekom,1,0,25000,0,9,False,9,False,0,day
-42,Vodafone,CallYa Classic,Vodafone,3,0,500000,0,9,False,9,False,0,day
-42,EDEKA smart,talk,Telekom,3,0,300000,0,9,False,9,False,0,month
-42,OTELO,Handy-Karte,Vodafone,1,0,21600,0,9,False,9,False,0,day
-42,Kaufland Mobil,Basic,Telekom,1,0,25000,0,9,False,9,False,0,day
-42,blau,9 Cent Tarif,o2,24,0,25000,0,9,False,9,False,0,day
0,o2,my Prepaid 9 Ct.,o2,0,30,225000,0,9,False,9,False,28,day
0,Lycamobile,SMART Tarif,Vodafone,15,0,42000,0,18,False,15,False,0,day
0,Saturn,Einsteiger-Tarif,Telefónica,24,0,7200,0,9,False,9,False,0,day
0,yourfone,LTE Prepaid,Telefónica,8,0,21600,0,8,False,8,False,0,day
8,Media Markt,Einsteiger-Tarif,Telefónica,24,0,7200,0,9,False,9,False,0,day
21,n-tv,Prepaid 6 Cent,Telefónica,6,0,2160,0,6,False,6,False,0,day
41,Mobilka,SIMka,Telekom,19,0,7200,0,24,False,15,False,0,day
42,Lebara,Prepaid SIM,Telekom,19,0,7200,0,24,False,15,False,0,day
42,Lufthansa Mobile,Prepaid-Tarif,Telefónica,5,0,21600,0,9,False,9,False,0,day
62,Tchibo,Prepaid-Tarif,Telefónica,24,0,21600,0,9,False,9,False,0,day
108,o2,my Prepaid Basic,o2,0,150,25000,0,9,False,9,False,28,day
221,Lidl Connect,Data S,Vodafone,0,750,25000,0,9,False,9,False,28,day
245,Telekom,Magenta Mobil Prepaid S,Telekom,3,0,300000,0,9,False,9,False,28,day
391,Crash,Minuten Tarif 1 GB,Telekom,0,1000,25000,0,9,False,9,False,24,month
396,Vodafone,CallYa Start,Vodafone,1,1000,500000,0,9,False,9,False,28,day
399,freenet Mobile,Smartphone Flat 750 MB LTE 25,Telekom,0,750,25000,0,9,False,9,False,1,month
438,Lidl Connect,Smart XS,Vodafone,0,1000,25000,0,9,False,9,False,28,day
441,Crash,Smartphone Flat 1 GB LTE,Vodafone,0,1000,21600,0,9,False,9,False,24,month
461,MegaSim,Allnet 4 GB LTE,Telefónica,0,4000,21600,0,0,True,0,True,24,month
471,PremiumSIM,LTE S,Telefónica,0,2000,50000,0,0,True,0,True,24,month
471,winSIM,LTE Internet 1 GB,Telefónica,0,1000,50000,0,19,False,19,False,24,month
471,handyvertrag.de,LTE All 100 MB,Telefónica,0,100,21600,0,0,True,0,True,24,month
496,OTELO,Smart S,Vodafone,0,450,21600,0,9,False,9,False,28,day
499,callmobile,cleverSMART 750,Telekom,0,750,25000,0,9,False,9,False,24,month
512,congstar,Prepaid Basic S,Telekom,0,500,25000,0,9,False,9,False,28,day
532,Crash,Minuten Tarif 2 GB,Telekom,0,2000,25000,0,9,False,9,False,24,month
541,Crash,Smartphone Flat 2 GB LTE,Vodafone,0,2000,21600,0,9,False,9,False,24,month
571,winSIM,LTE All 1 GB + 3 GB,Telefónica,0,4000,50000,0,0,True,0,True,24,month
571,sim.de,LTE All 4 GB + 1 GB,Telefónica,0,5000,50000,0,0,True,0,True,24,month
571,sim.de,LTE All 500 MB,Telefónica,0,500,50000,0,0,True,0,True,24,month
591,blau,Allnet L + 2 GB,o2,0,5000,21600,0,0,True,0,True,24,month
599,freenet Mobile,Daten Flat 5 GB LTE,Vodafone,0,5000,50000,0,0,False,9,False,1,month
599,freenet Mobile,Minuten Tarif 2 GB,Vodafone,0,2000,21600,0,9,False,9,False,1,month
607,eteleon,LTE National 1000,Telefónica,0,1000,21600,0,0,True,0,True,24,month
620,Crash,Allnet Flat 5 GB LTE,Vodafone,0,5000,21600,0,0,True,0,True,24,month
621,maXXim,LTE 1000,Telefónica,0,1000,21600,0,0,True,0,True,24,month
626,FYVE,Smart XS,Vodafone,0,1000,21600,0,9,False,9,False,1,month
655,Lidl Connect,Data M,Vodafone,0,3000,25000,0,9,False,9,False,28,day
657,klarmobil,Daten Flat 5 GB LTE,Vodafone,0,5000,50000,0,0,False,9,False,24,month
661,MegaSim,Allnet 6 GB LTE,Telefónica,0,6000,21600,0,0,True,0,True,24,month
671,smartmobil.de,LTE 3 GB,Telefónica,0,3000,50000,0,0,True,0,True,24,month
671,simplytel,LTE 1000,Telefónica,0,1000,50000,0,0,True,0,True,24,month
683,gmx.de,All-Net LTE 3 GB,Telefónica,0,3000,21600,0,0,True,0,True,24,month
699,DOKOM 21,Mobil plus,Telefónica,0,300,7200,0,15,False,15,False,24,month
707,eteleon,LTE National 3000,Telefónica,0,3000,21600,0,0,True,0,True,24,month
745,Crash,Allnet Flat 7 GB LTE,Vodafone,0,7000,21600,0,0,True,0,True,24,month
749,mobilcom debitel,Smart Surf,Telefónica,0,1000,21600,0,29,False,19,False,24,month
757,mobilcom debitel,Smart Surf LTE,Vodafone,0,2000,21600,0,29,False,19,False,24,month
757,blau,Blau M,o2,0,2000,21600,0,9,False,9,False,24,month
764,Lidl Connect,Smart S,Vodafone,0,3000,25000,0,0,True,0,True,28,day
764,NettoKOM,Smart S,Telefónica,24,3000,25000,0,0,True,0,True,28,day
764,Netzclub,Hero Special,Telefónica,0,2500,21600,0,9,False,9,False,28,day
770,yourfone,LTE 1 GB,Telefónica,0,1000,50000,0,0,True,9,False,24,month
771,handyvertrag.de,LTE All 5 GB + 2 GB,Telefónica,0,7000,50000,0,0,True,0,True,24,month
776,ALDI TALK,Paket S,Telefónica,0,3000,21600,0,0,True,0,True,28,day
778,MegaSim,Allnet 4 GB LTE,Telefónica,0,4000,21600,0,0,True,0,True,1,month
791,blau,Allnet L + 4 GB,o2,0,7000,21600,0,0,True,0,True,24,month
799,callmobile,cleverSMART 1500,Telekom,0,1500,25000,0,9,False,9,False,24,month
807,Media Markt,Super Select XS,Telefónica,0,2000,50000,0,29,False,14,False,1,month
824,Crash,Allnet Flat 8 GB LTE,Vodafone,0,8000,50000,0,0,True,0,True,24,month
826,blau,Allnet S,o2,0,3000,25000,0,0,True,0,True,28,day
841,Crash,Allnet Flat 5 GB LTE 25,Telekom,0,5000,25000,0,0,True,0,True,24,month
854,HIGH,HIGH 3 LTE 25,Telekom,0,3000,25000,0,0,True,0,True,24,month
854,goood,LTE 3000,Telefónica,0,3000,50000,0,0,True,0,True,24,month
871,winSIM,LTE All 5 GB + 3 GB,Telefónica,0,8000,50000,0,0,True,0,True,24,month
890,wilhelm.tel.Mobil,Mobil Smart LTE,Telefónica,0,1500,21000,0,9,False,9,False,1,month
891,blau,Allnet XL + 3 GB,o2,0,8000,21600,0,0,True,0,True,24,month
895,HIGH,HIGH 3 + 2 LTE 25,Telekom,0,5000,25000,0,0,True,0,True,24,month
895,WOBCOM,Smart,Telefónica,0,2000,21600,0,10,False,10,False,12,month
896,htp,Mobil Smart LTE,Telefónica,0,1500,21600,0,15,False,15,False,24,month
920,yourfone,LTE 3 GB,Telefónica,0,3000,50000,0,0,True,9,False,24,month
924,allmobil,Flat L,Vodafone,0,4000,21600,0,0,True,0,True,24,month
930,Tchibo,Smart S,Telefónica,0,1000,25000,0,0,True,0,True,28,day
939,Vodafone,CallYa Allnet Flat S,Vodafone,0,3000,500000,0,0,True,0,True,28,day
945,MegaSim,green LTE 10 GB,Vodafone,0,10000,50000,0,0,True,19,False,24,month
954,goood,LTE 3000 + 2 GB,Telefónica,0,5000,50000,0,0,True,0,True,24,month
957,freenet Mobile,Allnet Flat 5 GB LTE,Vodafone,0,5000,21600,0,0,True,0,True,12,month
957,OTELO,Allnet-Flat Classic,Vodafone,0,10000,50000,0,0,True,0,True,24,month
961,MegaSim,Allnet 10 GB LTE,Telefónica,0,10000,50000,0,0,True,0,True,24,month
961,WhatsApp SIM,WhatsAll 4000,Telefónica,0,4000,21600,0,9,False,9,False,28,day
970,web.de,All-Net Flat LTE 7 GB,Telefónica,0,7000,21600,0,0,True,0,True,24,month
971,simplytel,LTE 10000,Telefónica,0,10000,50000,0,0,True,0,True,24,month
971,winSIM,LTE Internet 6 GB,Telefónica,0,6000,50000,0,19,False,19,False,24,month
977,o2,my Prepaid S,o2,0,3500,25000,0,0,True,0,True,28,day
977,FONIC,Smart 3 GB,Telefónica,0,3000,21600,0,0,True,0,True,28,day
977,FONIC,"Surf-Flat 3,5 GB",Telefónica,0,3500,21600,0,9,False,9,False,28,day
981,Lidl Connect,Data L,Vodafone,0,5000,25000,0,9,False,9,False,28,day
982,blau,Allnet Plus + 2 GB,o2,0,10000,21600,0,0,True,0,True,24,month
990,simquadrat,Grundpaket mit 1000 MB Internetpaket,Telefónica,0,1000,50000,0,9,False,7,False,1,month
999,freenet Mobile,Allnet Flat 5 GB LTE,Vodafone,0,5000,21600,0,0,True,0,True,1,month
999,EWE,Einfach Mobil Basic,Vodafone,0,1000,7200,0,19,False,19,False,24,month
999,Saturn,Smartphone Tarif Plus,Telefónica,0,300,21600,0,9,False,9,False,0,day
1006,Telekom,Magenta Mobil Prepaid M,Telekom,0,2000,300000,0,9,False,9,False,28,day
1007,mobilcom debitel,o2 Free S,o2,0,3000,225000,0,0,True,0,True,24,month
1012,EDEKA smart,kombi M,Telekom,0,2000,300000,0,9,False,9,False,28,day
1014,easyTel,Smart Tarif,Telekom,0,1500,21600,0,9,False,9,False,30,day
1016,Vodafone,Young XS,Vodafone,0,2000,500000,27,0,True,0,True,24,month
1020,MegaSim,Allnet 6 GB LTE,Telefónica,0,6000,21600,0,0,True,0,True,1,month
1021,congstar,Allnet Flat S 2 GB,Telekom,0,2000,25000,0,0,True,0,True,24,month
1024,Crash,Allnet Flat 10 GB LTE,Vodafone,0,10000,50000,0,0,True,0,True,24,month
1044,congstar,Prepaid Allnet M,Telekom,0,3000,25000,0,0,True,9,False,28,day
1057,mobilcom debitel,green LTE 1 GB,Telekom,0,1000,21600,0,0,True,19,False,24,month
1063,congstar,Daten S,Telekom,0,4000,25000,0,0,False,9,False,24,month
1075,congstar,Allnet Flat S,Telekom,0,3000,25000,0,0,True,0,True,24,month
1081,FCB Mobil,Prepaid,Telekom,0,1500,300000,0,9,False,9,False,28,day
1082,OTELO,Go Young,Vodafone,0,6000,50000,27,0,True,0,True,24,month
1082,OTELO,Allnet-Flat Go,Vodafone,0,5000,50000,0,0,True,0,True,24,month
1083,PremiumSIM,LTE XL,Telefónica,0,11000,50000,0,0,True,0,True,24,month
1099,TELE2,LTE Allnet-Flat M,Vodafone,0,5000,21600,0,0,True,0,True,24,month
1099,goood,Allnet-Flat Go,Vodafone,0,3000,50000,0,0,True,0,True,24,month
1103,blau,Allnet Plus + 3 GB,o2,0,11000,21600,0,0,True,0,True,24,month
1104,congstar,Allnet Flat S Flex 2 GB,Telekom,0,2000,25000,0,0,True,0,True,1,month
1124,Saturn,Super Select S,Telefónica,0,3000,50000,0,0,True,0,True,24,month
1124,Media Markt,Super Select S,Telefónica,0,3000,50000,0,0,True,0,True,24,month
1127,Tchibo,Data S,Telefónica,0,4000,21600,0,9,False,9,False,28,day
1136,mobilcom debitel,green Data L,Telekom,0,5000,150000,0,0,False,19,False,24,month
1145,HIGH,HIGH 3 + 2 LTE 50,Telekom,0,5000,50000,0,0,True,0,True,24,month
1145,MegaSim,Allnet 9 GB LTE,Telefónica,0,9000,21600,0,0,True,0,True,24,month
1146,congstar,Daten S,Telekom,0,4000,25000,0,0,False,9,False,1,month
1157,mobilcom debitel,green LTE 5 GB,Vodafone,0,5000,21600,0,0,True,19,False,24,month
1162,gmx.de,All-Net Flat LTE 9 GB,Telefónica,0,9000,21600,0,0,True,0,True,24,month
1171,sim.de,LTE All 6 GB + 6 GB,Telefónica,0,12000,50000,0,0,True,0,True,24,month
1171,smartmobil.de,LTE 5 + 4 GB,Telefónica,0,9000,50000,0,0,True,0,True,24,month
1182,Crash,Allnet Flat 5 GB LTE 50,Telekom,0,5000,50000,0,0,True,0,True,24,month
1182,blau,Allnet Plus + 4 GB,o2,0,12000,21600,0,0,True,0,True,24,month
1199,freenet Mobile,Daten Flat 10 GB LTE,Vodafone,0,10000,50000,0,0,False,9,False,1,month
1199,callmobile,cleverALLNET 3000,Telekom,0,3000,25000,0,0,True,0,True,24,month
1203,Crash,Allnet Flat 10 GB LTE 25,Telekom,0,10000,25000,0,0,True,0,True,24,month
1207,eteleon,LTE National 5000,Telefónica,0,5000,21600,0,0,True,0,True,24,month
1212,mobilcom debitel,o2 Now,o2,0,3000,225000,0,0,True,9,False,24,month
1216,HIGH,HIGH 5 + 5 LTE 25,Telekom,0,10000,25000,0,0,True,0,True,24,month
1221,congstar,Allnet Flat S Flex,Telekom,0,3000,25000,0,0,True,0,True,1,month
1256,allmobil,Flat XL,Vodafone,0,6000,21600,0,0,True,0,True,24,month
1257,klarmobil,Daten Flat 10 GB LTE,Vodafone,0,10000,50000,0,0,False,9,False,24,month
1261,Crash,Allnet Flat 8 GB LTE,Vodafone,0,8000,21600,0,0,True,0,True,1,month
1266,Crash,Allnet Flat 12 GB LTE,Vodafone,0,12000,50000,0,0,True,0,True,24,month
1266,MegaSim,green LTE 6 GB,Telekom,0,6000,21600,0,0,True,19,False,24,month
1270,M-Net Mobil,Allnet-LTE S,Telefónica,0,2000,21100,0,0,True,0,True,24,month
1278,MegaSim,Allnet 9 GB LTE,Telefónica,0,9000,21600,0,0,True,0,True,1,month
1291,OTELO,Classic Young,Vodafone,0,12000,50000,27,0,True,0,True,24,month
1299,TELE2,LTE Allnet-Flat L,Vodafone,0,10000,50000,0,0,True,0,True,24,month
1303,mobilcom debitel,green LTE 10 GB,Telekom,0,10000,21600,0,0,True,19,False,24,month
1307,Lidl Connect,Smart L,Vodafone,0,6000,25000,0,0,True,0,True,28,day
1318,ALDI TALK,Paket M,Telefónica,0,5000,21600,0,0,True,0,True,28,day
1357,freenet Mobile,Allnet Flat 10 GB LTE,Vodafone,0,10000,50000,0,0,True,0,True,12,month
1357,blau,Allnet XL Flex,o2,0,9000,21600,0,0,True,0,True,1,month
1369,blau,Allnet M,o2,0,6000,25000,0,0,True,0,True,28,day
1378,BILDconnect,Data 3000 LTE,Telefónica,0,3000,50000,0,15,False,15,False,24,month
1395,Vodafone,Young S,Vodafone,0,10000,500000,27,0,True,0,True,24,month
1399,freenet Mobile,Allnet Flat 10 GB LTE,Vodafone,0,10000,50000,0,0,True,0,True,1,month
1407,eteleon,LTE National 6000,Telefónica,0,6000,21600,0,0,True,0,True,24,month
1441,Telekom,Magenta Mobil S Young,Telekom,0,6000,300000,27,0,True,0,True,24,month
1449,mobilcom debitel,Allnet 15 GB LTE,Telefónica,0,15000,225000,0,0,True,0,True,24,month
1449,1&1,Daten-Flat LTE M,Telefónica,0,10000,225000,0,20,False,20,False,24,month
1470,mobilcom debitel,green LTE 20 GB,Telefónica,0,20000,225000,0,0,True,0,True,24,month
1471,winSIM,LTE All 10 GB + 6 GB,Telefónica,0,16000,50000,0,0,True,0,True,24,month
1471,winSIM,LTE Internet 15 GB,Telefónica,0,15000,50000,0,19,False,19,False,24,month
1473,primacall,Allnet 300,Telefónica,0,500,7200,0,15,False,15,False,24,month
1478,MegaSim,Allnet 10 GB LTE,Telefónica,0,10000,50000,0,0,True,0,True,1,month
1482,Vodafone,CallYa Allnet Flat M,Vodafone,0,5000,500000,0,0,True,0,True,28,day
1499,klarmobil,Allnet Flat 10 GB LTE,Vodafone,0,10000,21600,0,0,True,0,True,1,month
1499,mobilcom debitel,Internet-Flat 8.000,Vodafone,0,8000,21600,0,0,False,19,False,24,month
1499,Ay Yildiz,Ay Allnet,Telefónica,0,4500,21600,0,0,True,12,False,24,month
1508,HIGH,HIGH 5 + 5 LTE 50,Telekom,0,10000,50000,0,0,True,0,True,24,month
1520,Vodafone,DataGo M,Vodafone,0,12000,500000,0,0,False,19,False,24,month
1520,o2,my Prepaid M,o2,0,6500,25000,0,0,True,0,True,28,day
1521,congstar,Allnet Flat M 5 GB,Telekom,0,5000,25000,0,0,True,0,True,24,month
1524,mobilcom debitel,green LTE 18 GB,Telekom,0,18000,21600,0,0,True,0,True,24,month
1524,Lidl Connect,Data XL,Vodafone,0,10000,25000,0,9,False,9,False,28,day
1536,Telekom,Magenta Mobil Data S,Telekom,0,5000,300000,0,0,False,0,False,24,month
1541,mobilcom debitel,green LTE 10 GB,Telefónica,0,10000,225000,0,0,True,0,True,1,month
1542,EDEKA smart,kombi L,Telekom,0,3000,300000,0,9,False,9,False,28,day
1542,WEtell,Ultrakurz,Vodafone,0,1000,21600,0,19,False,9,False,1,month
1542,PYUR,Pure Mobile 1 GB,Telefónica,0,1000,50000,0,0,True,0,True,3,month
1549,Telekom,Magenta Mobil Prepaid L,Telekom,0,3000,300000,0,9,False,9,False,28,day
1557,mobilcom debitel,green LTE 10 GB,Telefónica,0,10000,225000,0,0,True,0,True,24,month
1557,mobilcom debitel,o2 Free Unlimited Basic,o2,0,9999000,2000,0,0,True,0,True,24,month
1566,Vodafone,Red XS,Vodafone,0,4000,500000,0,0,True,0,True,24,month
1566,congstar,Prepaid Allnet L,Telekom,0,5000,25000,0,0,True,9,False,28,day
1582,Crash,Allnet Flat 15 GB LTE,Vodafone,0,15000,50000,0,0,True,0,True,24,month
1582,Crash,Allnet Flat 10 GB LTE 50,Telekom,0,10000,50000,0,0,True,0,True,24,month
1582,mobilcom debitel,Allnet 15 GB LTE,Telefónica,0,15000,225000,0,0,True,0,True,1,month
1591,mobilcom debitel,green LTE 15 GB,Vodafone,0,15000,50000,0,0,True,19,False,24,month
1599,TELE2,LTE Allnet-Flat XL,Vodafone,0,20000,50000,0,0,True,0,True,24,month
1604,congstar,Allnet Flat M Flex 5 GB,Telekom,0,5000,25000,0,0,True,0,True,1,month
1607,Vodafone,Young M,Vodafone,0,20000,500000,27,0,True,0,True,24,month
1624,Saturn,Super Select M,Telefónica,0,5000,50000,0,0,True,0,True,24,month
1624,Media Markt,Super Select M,Telefónica,0,5000,50000,0,0,True,0,True,24,month
1641,mobilcom debitel,o2 Free S Boost,o2,0,6000,225000,0,0,True,0,True,24,month
1657,freenet Mobile,Allnet Flat 15 GB LTE,Vodafone,0,15000,50000,0,0,True,0,True,12,month
1662,FCB Mobil,FCB Mobil XS,Telekom,0,750,300000,0,0,True,0,True,24,month
1663,congstar,Daten M,Telekom,0,8000,25000,0,0,False,9,False,24,month
1670,Tchibo,Data M,Telefónica,0,7000,21600,0,9,False,9,False,28,day
1686,Crash,Allnet Flat 17 GB LTE,Vodafone,0,17000,50000,0,0,True,0,True,24,month
1695,mobilcom debitel,green Data XL,Telekom,0,15000,150000,0,0,False,19,False,24,month
1699,freenet Mobile,Allnet Flat 15 GB LTE,Vodafone,0,15000,50000,0,0,True,0,True,1,month
1699,1&1,Daten-Flat LTE M,Telefónica,0,10000,225000,0,20,False,20,False,1,month
1707,Crash,Allnet Flat 15 GB LTE 25,Telekom,0,15000,25000,0,0,True,0,True,24,month
1746,congstar,Daten M,Telekom,0,8000,25000,0,0,False,9,False,1,month
1749,OTELO,Allnet-Flat Max,Vodafone,0,20000,50000,0,0,True,0,True,24,month
1749,OTELO,Max Young,Vodafone,0,24000,50000,27,0,True,0,True,24,month
1749,1&1,Daten-Flat LTE L,Telefónica,0,15000,225000,0,20,False,20,False,24,month
1783,FONIC,Smart 5 GB,Telefónica,0,5000,21600,0,0,True,0,True,28,day
1790,1&1,All-Net-Flat LTE S,Telefónica,0,5000,50000,0,0,True,0,True,24,month
1799,klarmobil,Allnet Flat 15 GB LTE,Vodafone,0,15000,21600,0,0,True,0,True,1,month
1799,mobilcom debitel,Internet-Flat 12.000,Vodafone,0,12000,500000,0,0,False,19,False,24,month
1807,Crash,Allnet Flat 20 GB LTE,Vodafone,0,20000,50000,0,0,True,0,True,24,month
1850,Lidl Connect,Smart XL,Vodafone,0,12000,25000,0,0,True,0,True,28,day
1861,ALDI TALK,Paket L,Telefónica,0,7000,21600,0,0,True,0,True,28,day
1866,mobilcom debitel,green LTE 20 GB,Telefónica,0,20000,225000,0,0,True,0,True,1,month
1895,HIGH,HIGH 10 + 5 LTE 25,Telekom,0,15000,25000,0,0,True,0,True,24,month
1907,eteleon,LTE National 8000,Telefónica,0,8000,21600,0,0,True,0,True,24,month
1912,blau,Allnet L,o2,0,12000,25000,0,0,True,0,True,28,day
1928,mobilcom debitel,Red XS,Vodafone,0,4000,500000,0,0,True,0,True,24,month
1971,sim.de,LTE All 20 GB,Telefónica,0,20000,50000,0,0,True,0,True,24,month
1971,winSIM,LTE Internet 22 GB,Telefónica,0,22000,50000,0,19,False,19,False,24,month
1972,Vodafone,Young L,Vodafone,0,40000,500000,27,0,True,0,True,24,month
1973,primacall,Allnet Flat,Telefónica,0,500,7200,0,0,True,9,False,24,month
1979,congstar,Homespot 30,Telekom,0,30000,50000,0,0,False,9,False,24,month
1982,mobilcom debitel,Magenta Mobil S Young,Telekom,0,6000,300000,27,0,True,0,True,24,month
1990,primamobile,Allnet Flat Mobile,Telefónica,0,500,7400,0,0,True,15,False,24,month
1995,mobilcom debitel,o2 Free M,o2,0,20000,225000,0,0,True,0,True,24,month
1999,1&1,Daten-Flat LTE L,Telefónica,0,15000,225000,0,20,False,20,False,1,month
2007,Crash,Allnet Flat 15 GB LTE 50,Telekom,0,15000,50000,0,0,True,0,True,24,month
2020,yourfone,LTE 10 GB,Telefónica,0,10000,50000,0,0,True,9,False,24,month
2033,congstar,Allnet Flat M,Telekom,0,10000,25000,0,0,True,0,True,24,month
2036,Telekom,Magenta Mobil Data M,Telekom,0,10000,300000,0,0,False,0,False,24,month
2041,klarmobil,Allnet Flat 20 GB LTE,Vodafone,0,20000,50000,0,0,True,0,True,1,month
2041,mobilcom debitel,green LTE 40 GB,Telefónica,0,40000,225000,0,0,True,0,True,1,month
2041,Vodafone,DataGo L,Vodafone,0,16000,500000,0,0,False,19,False,24,month
2042,WEtell,Mittelwelle,Vodafone,0,5000,21600,0,0,True,0,True,1,month
2064,o2,my Prepaid L,o2,0,12500,25000,0,0,True,0,True,28,day
2099,mobilcom debitel,green LTE 20 GB,Vodafone,0,20000,50000,0,0,True,0,True,24,month
2109,FONIC,Smart 7 GB,Telefónica,0,7000,21600,0,0,True,0,True,28,day
2114,FCB Mobil,FCB Mobil S,Telekom,0,5500,300000,0,0,True,0,True,24,month
2124,Media Markt,Super Select L,Telefónica,0,7000,50000,0,0,True,0,True,24,month
2124,Saturn,Super Select L,Telefónica,0,7000,50000,0,0,True,0,True,24,month
2131,Vodafone,CallYa Digital,Vodafone,0,10000,500000,0,0,True,0,True,28,day
2145,HIGH,HIGH 10 + 5 LTE 50,Telekom,0,15000,50000,0,0,True,0,True,24,month
2146,congstar,Homespot 30 Flex,Telekom,0,30000,50000,0,0,False,9,False,1,month
2165,1&1,All-Net-Flat LTE M,Telefónica,0,10000,225000,0,0,True,0,True,24,month
2166,o2,Free M Junge Leute,o2,0,20000,225000,28,0,True,0,True,24,month
2166,mobilcom debitel,o2 Free Unlimited Basic,o2,0,9999000,2000,0,0,True,0,True,1,month
2166,o2,Free Unlimited Basic Junge Leute,o2,0,9999000,2000,28,0,True,0,True,24,month
2166,o2,Free S,o2,0,3000,225000,0,0,True,0,True,24,month
2179,congstar,Allnet Flat M Flex,Telekom,0,10000,25000,0,0,True,0,True,1,month
2199,goood,Allnet-Flat Classic,Vodafone,0,10000,50000,0,0,True,0,True,24,month
2199,goood,LTE 20000,Telefónica,0,20000,50000,0,0,True,0,True,24,month
2207,eteleon,LTE National 10000,Telefónica,0,10000,21600,0,0,True,0,True,24,month
2214,Tchibo,Smart XL,Telefónica,0,10000,25000,0,0,True,0,True,28,day
2214,Tchibo,Data L,Telefónica,0,12000,21600,0,9,False,9,False,28,day
2249,1&1,Daten-Flat LTE XL,Telefónica,0,20000,225000,0,20,False,20,False,24,month
2263,congstar,Daten L,Telekom,0,16000,25000,0,0,False,9,False,24,month
2291,o2,my Home S,o2,0,100000,10000,0,0,False,0,False,24,month
2346,congstar,Daten L,Telekom,0,16000,25000,0,0,False,9,False,1,month
2441,Telekom,Magenta Mobil M Young,Telekom,0,12000,300000,27,0,True,0,True,24,month
2482,mobilcom debitel,Magenta Mobil M Young,Telekom,0,12000,300000,27,0,True,0,True,24,month
2495,mobilcom debitel,o2 Free M Boost,o2,0,40000,225000,0,0,True,0,True,24,month
2495,mobilcom debitel,o2 Free Unlimited Smart,o2,0,9999000,10000,0,0,True,0,True,24,month
2499,1&1,Daten-Flat LTE XL,Telefónica,0,20000,225000,0,20,False,20,False,1,month
2528,mobilcom debitel,Smart XL,Vodafone,0,6000,500000,0,0,True,0,True,24,month
2542,WEtell,Superfunk,Vodafone,0,10000,21600,0,0,True,0,True,1,month
2557,mobilcom debitel,green LTE 26 GB,Telekom,0,26000,21600,0,0,True,0,True,24,month
2557,mobilcom debitel,green LTE 40 GB,Telefónica,0,40000,225000,0,0,True,0,True,24,month
2573,primacall,Allnet Flat XL,Telefónica,0,1000,7200,0,0,True,0,True,24,month
2582,o2,Free L Junge Leute,o2,0,60000,300000,28,0,True,0,True,24,month
2599,mobilcom debitel,green LTE 30 GB,Vodafone,0,30000,100000,0,0,True,0,True,24,month
2601,EDEKA smart,kombi XL,Telekom,0,5000,300000,0,0,True,0,True,28,day
2635,Telekom,Magenta Mobil Prepaid XL,Telekom,99,5000,300000,0,0,True,0,True,28,day
2665,1&1,All-Net-Flat LTE L,Telefónica,0,20000,225000,0,0,True,0,True,24,month
2666,o2,Free M Boost Junge Leute,o2,0,40000,225000,28,0,True,0,True,24,month
2666,o2,Free S Boost,o2,0,6000,225000,0,0,True,0,True,24,month
2666,o2,Free S Flex,o2,0,3000,225000,0,0,True,0,True,1,month
2699,mobilcom debitel,Internet-Flat 20.000,Vodafone,0,20000,500000,0,0,False,19,False,24,month
2771,congstar,Allnet Flat L,Telekom,0,20000,25000,0,0,True,0,True,24,month
2791,o2,my Home M,o2,0,9999000,50000,0,0,False,0,False,24,month
2814,FCB Mobil,FCB Mobil M,Telekom,0,11000,300000,0,0,True,0,True,24,month
2875,congstar,Homespot 100,Telekom,0,100000,50000,0,0,False,9,False,24,month
2928,mobilcom debitel,Red S,Vodafone,0,10000,500000,0,0,True,0,True,24,month
2982,mobilcom debitel,Magenta Mobil L Young,Telekom,0,24000,300000,27,0,True,0,True,24,month
2995,mobilcom debitel,o2 Free L,o2,0,60000,225000,0,0,True,0,True,24,month
2995,Telekom,Magenta Mobil Data L,Telekom,0,25000,300000,0,0,False,0,False,24,month
2999,Ay Yildiz,Ay Allnet Plus,Telefónica,0,12000,21600,0,0,True,12,False,24,month
3000,congstar,Allnet Flat L Flex,Telekom,0,20000,25000,0,0,True,0,True,1,month
3042,WEtell,Megafon,Vodafone,0,15000,21600,0,0,True,0,True,1,month
3057,mobilcom debitel,green LTE 60 GB,Telefónica,0,60000,225000,0,0,True,0,True,24,month
3082,o2,Free L Boost Junge Leute,o2,0,120000,300000,28,0,True,0,True,24,month
3146,congstar,Homespot 100 Flex,Telekom,0,100000,50000,0,0,False,9,False,1,month
3165,1&1,All-Net-Flat 5G XL,Telefónica,0,50000,300000,0,0,True,0,True,24,month
3166,mobilcom debitel,green LTE 60 GB,Telefónica,0,60000,225000,0,0,True,0,True,1,month
3166,mobilcom debitel,o2 Free Unlimited Smart,o2,0,9999000,10000,0,0,True,0,True,1,month
3166,o2,Free Unlimited Smart Junge Leute,o2,0,9999000,10000,28,0,True,0,True,24,month
3299,goood,Allnet-Flat Max,Vodafone,0,20000,50000,0,0,True,0,True,24,month
3495,mobilcom debitel,o2 Free L Boost,o2,0,120000,225000,0,0,True,0,True,24,month
3495,mobilcom debitel,o2 Free Unlimited Max,o2,0,9999000,225000,0,0,True,0,True,24,month
3514,FCB Mobil,FCB Mobil L,Telekom,0,20000,300000,0,0,True,0,True,24,month
3524,Vodafone,GigaCube,Vodafone,0,125000,300000,0,0,False,0,False,24,month
3599,mobilcom debitel,green LTE 40 GB,Vodafone,0,40000,100000,0,0,True,0,True,24,month
3666,o2,Free M Flex,o2,0,20000,225000,0,0,True,0,True,1,month
3666,o2,Free Unlimited Basic Flex,o2,0,9999000,2000,0,0,True,0,True,1,month
3732,Telekom,Magenta Mobil L Young,Telekom,0,24000,300000,27,0,True,0,True,24,month
3957,mobilcom debitel,Red M,Vodafone,0,20000,500000,0,0,True,0,True,24,month
3999,Ay Yildiz,Ay Allnet Max,Telefónica,0,24000,21600,0,0,True,12,False,24,month
4041,mobilcom debitel,green LTE 2go,Telefónica,0,9999000,150000,0,0,False,0,False,24,month
4124,Saturn,Super Select XL,Telefónica,0,12000,50000,0,0,True,0,True,24,month
4124,Media Markt,Super Select XL,Telefónica,0,12000,50000,0,0,True,0,True,24,month
4166,mobilcom debitel,o2 Free Unlimited Max,o2,0,9999000,225000,0,0,True,0,True,1,month
4271,congstar,Homespot 200,Telekom,0,200000,50000,0,0,False,9,False,24,month
4524,Vodafone,GigaCube Max,Vodafone,0,250000,300000,0,0,False,0,False,24,month
4646,congstar,Homespot 200 Flex,Telekom,0,200000,50000,0,0,False,9,False,1,month
4666,o2,Free L Flex,o2,0,60000,300000,0,0,True,0,True,1,month
4666,mobilcom debitel,green LTE 2go Flex,Telefónica,0,9999000,150000,0,0,False,0,False,1,month
4666,o2,Free Unlimited Smart Flex,o2,0,9999000,10000,0,0,True,0,True,1,month
4928,mobilcom debitel,Red L,Vodafone,0,40000,500000,0,0,True,0,True,24,month
5166,o2,Free Unlimited Max Junge Leute,o2,0,9999000,500000,28,0,True,0,True,24,month
5290,1&1,All-Net-Flat 5G XXL,Telefónica,0,9999000,300000,0,0,True,0,True,24,month
6042,congstar,congstar X,Telekom,0,200000,50000,0,0,True,0,True,24,month
6125,congstar,congstar X Flex,Telekom,0,200000,50000,0,0,True,0,True,1,month
6428,mobilcom debitel,Red XL,Vodafone,0,9999000,500000,0,0,True,0,True,24,month
6666,o2,Free Unlimited Max Flex,o2,0,9999000,500000,0,0,True,0,True,1,month
7524,Vodafone,GigaCube Pro,Vodafone,0,500000,300000,0,0,False,0,False,24,month
7628,Telekom,Magenta Mobil XL,Telekom,0,9999000,300000,0,0,True,0,True,24,month
8292,Telekom,MagentaEINS Plus S,Telekom,0,9999000,100000,0,0,True,0,True,1,month
9292,Telekom,MagentaEINS Plus M,Telekom,0,9999000,250000,0,0,True,0,True,1,month
